{
  "IdleLeft": {
    "Frame0": [ 0.0, 121.0, 121.0, 0.0 ],
    "NumFrames": 1,
    "Repeating": true,
    "SecsPerFrame": 0.30000001192092896
  },
  "IdleRight": {
    "Frame0": [ 0.0, 242.0, 121.0, 121.0 ],
    "NumFrames": 1,
    "Repeating": true,
    "SecsPerFrame": 0.30000001192092896
  },
  "MoveLeft": {
    "Frame0": [ 726.0, 121.0, 847.0, 0.0 ],
    "Frame1": [ 605.0, 121.0, 726.0, 0.0 ],
    "Frame2": [ 484.0, 121.0, 605.0, 0.0 ],
    "Frame3": [ 363.0, 121.0, 484.0, 0.0 ],
    "Frame4": [ 242.0, 121.0, 363.0, 0.0 ],
    "Frame5": [ 121.0, 121.0, 242.0, 0.0 ],
    "Frame6": [ 0.0, 121.0, 121.0, 0.0 ],
    "NumFrames": 7,
    "Repeating": true,
    "SecsPerFrame": 0.30000001192092896
  },
  "MoveRight": {
    "Frame0": [ 0.0, 242.0, 121.0, 121.0 ],
    "Frame1": [ 121.0, 242.0, 242.0, 121.0 ],
    "Frame2": [ 242.0, 242.0, 363.0, 121.0 ],
    "Frame3": [ 363.0, 242.0, 484.0, 121.0 ],
    "Frame4": [ 484.0, 242.0, 605.0, 121.0 ],
    "Frame5": [ 605.0, 242.0, 726.0, 121.0 ],
    "Frame6": [ 726.0, 242.0, 847.0, 121.0 ],
    "NumFrames": 7,
    "Repeating": true,
    "SecsPerFrame": 0.30000001192092896
  }
}